test,statistic,p_value
Mann-Whitney U,83.0,0.36611957250950233
Welch t-test,-0.9761286560253217,0.33969913842375943
